{"cameraMode":{"drawMode":0,"name":"Shaded","section":"Shading Mode"},"sceneLighting":true,"audioPlay":false,"sceneViewState":{"showFog":true,"showMaterialUpdate":true,"showSkybox":true,"showFlares":true,"showImageEffects":true,"showParticleSystems":true},"in2DMode":false,"pivot":{"x":73.53409576416016,"y":64.50711059570313,"z":-27.901275634765626},"rotation":{"x":-0.08498699963092804,"y":0.7798924446105957,"z":-0.10855959355831146,"w":-0.6105437278747559},"size":66.3543472290039,"orthographic":false}