{"cameraMode":{"drawMode":0,"name":"Shaded","section":"Shading Mode"},"sceneLighting":true,"audioPlay":false,"sceneViewState":{"showFog":true,"showMaterialUpdate":true,"showSkybox":true,"showFlares":true,"showImageEffects":true,"showParticleSystems":true},"in2DMode":false,"pivot":{"x":-15.271930694580079,"y":-11.968161582946778,"z":-119.73076629638672},"rotation":{"x":-0.06748579442501068,"y":0.9302408695220947,"z":-0.2190951555967331,"w":-0.2865337133407593},"size":34.78432083129883,"orthographic":false}